{
    "name": "Movie Maker",
    "colors": {
        "text": [9.999999974752427e-07, 9.999899930335232e-07, 9.999899930335232e-07, 1.0],
        "text_disabled": [0.3764705955982208, 0.3764705955982208, 0.3764705955982208, 1.0],
        "window_bg": [0.8039215803146362, 0.8039215803146362, 0.8039215803146362, 1.0],
        "child_bg": [0.0, 0.0, 0.0, 0.0],
        "popup_bg": [0.9411764740943909, 0.9411764740943909, 0.9411764740943909, 1.0],
        "border": [0.0, 0.0, 0.0, 0.1568627506494522],
        "border_shadow": [0.0, 0.0, 0.0, 0.0],
        "frame_bg": [1.0, 1.0, 1.0, 0.3882353007793427],
        "frame_bg_hovered": [0.8823529481887817, 0.8823529481887817, 0.8823529481887817, 0.4000000059604645],
        "frame_bg_active": [0.8039215803146362, 0.8039215803146362, 0.8039215803146362, 0.6901960968971252],
        "title_bg": [0.9411764740943909, 0.9411764740943909, 0.9411764740943909, 1.0],
        "title_bg_active": [0.8823529481887817, 0.8823529481887817, 0.8823529481887817, 0.8705882430076599],
        "title_bg_collapsed": [0.8039215803146362, 0.8039215803146362, 0.8039215803146362, 0.2000000029802322],
        "menu_bar_bg": [1.0, 1.0, 1.0, 0.3882353007793427],
        "scrollbar_bg": [0.2000000029802322, 0.2470588237047195, 0.2980392277240753, 0.6000000238418579],
        "scrollbar_grab": [0.8823529481887817, 0.8823529481887817, 0.8823529481887817, 1.0],
        "scrollbar_grab_hovered": [0.8039215803146362, 0.8039215803146362, 0.8039215803146362, 0.7882353067398071],
        "scrollbar_grab_active": [0.8039215803146362, 0.8039215803146362, 0.8039215803146362, 1.0],
        "check_mark": [0.0, 0.4705882370471954, 0.843137264251709, 1.0],
        "slider_grab": [0.05968060344457626, 0.4575720429420471, 0.7725322246551514, 1.0],
        "slider_grab_active": [0.03903185203671455, 0.407722532749176, 0.6995707750320435, 1.0],
        "button": [0.8823529481887817, 0.8823529481887817, 0.8823529481887817, 1.0],
        "button_hovered": [0.8039215803146362, 0.8039215803146362, 0.8039215803146362, 0.7882353067398071],
        "button_active": [0.0, 0.4705882370471954, 0.843137264251709, 1.0],
        "header": [0.8823529481887817, 0.8823529481887817, 0.8823529481887817, 1.0],
        "header_hovered": [0.8039215803146362, 0.8039215803146362, 0.8039215803146362, 0.7882353067398071],
        "header_active": [0.8039215803146362, 0.8039215803146362, 0.8039215803146362, 1.0],
        "separator": [0.4980392158031464, 0.4980392158031464, 0.4980392158031464, 0.6000000238418579],
        "separator_hovered": [0.6000000238418579, 0.6000000238418579, 0.6980392336845398, 1.0],
        "separator_active": [0.6980392336845398, 0.6980392336845398, 0.8980392217636108, 1.0],
        "resize_grip": [1.0, 1.0, 1.0, 0.1000000014901161],
        "resize_grip_hovered": [0.7764706015586853, 0.8196078538894653, 1.0, 0.6000000238418579],
        "resize_grip_active": [0.7764706015586853, 0.8196078538894653, 1.0, 0.8999999761581421],
        "tab": [1.0, 1.0, 1.0, 0.3882353007793427],
        "tab_hovered": [0.8823529481887817, 0.8823529481887817, 0.8823529481887817, 0.800000011920929],
        "tab_active": [0.8039215803146362, 0.8039215803146362, 0.8039215803146362, 0.3882353007793427],
        "tab_unfocused": [0.8823529481887817, 0.8823529481887817, 0.8823529481887817, 0.8196078538894653],
        "tab_unfocused_active": [0.8823529481887817, 0.8823529481887817, 0.8823529481887817, 0.8352941274642944],
        "plot_lines": [0.0, 0.0, 0.0, 1.0],
        "plot_lines_hovered": [0.8980392217636108, 0.6980392336845398, 0.0, 1.0],
        "plot_histogram": [0.8980392217636108, 0.6980392336845398, 0.0, 1.0],
        "plot_histogram_hovered": [1.0, 0.6000000238418579, 0.0, 1.0],
        "table_header_bg": [0.8823529481887817, 0.8823529481887817, 0.8823529481887817, 1.0],
        "table_border_strong": [0.0, 0.0, 0.0, 1.0],
        "table_border_light": [0.2588235437870026, 0.2588235437870026, 0.2784313857555389, 1.0],
        "table_row_bg": [0.0, 0.0, 0.0, 0.0],
        "table_row_bg_alt": [1.0, 1.0, 1.0, 0.07000000029802322],
        "text_selected_bg": [0.0, 0.0, 1.0, 0.3499999940395355],
        "drag_drop_target": [1.0, 1.0, 0.0, 0.8999999761581421],
        "nav_highlight": [0.4470588266849518, 0.4470588266849518, 0.8980392217636108, 0.800000011920929],
        "nav_windowing_highlight": [1.0, 1.0, 1.0, 0.699999988079071],
        "nav_windowing_dim_bg": [0.800000011920929, 0.800000011920929, 0.800000011920929, 0.2000000029802322],
        "modal_window_dim_bg": [0.2000000029802322, 0.2000000029802322, 0.2000000029802322, 0.3499999940395355]
    },
    "style": {
        "alpha": 1,
        "disabled_alpha": 0.6000000238418579,
        "window_rounding": 0,
        "window_border_size": 1,
        "child_rounding": 0,
        "child_border_size": 1,
        "popup_rounding": 0,
        "popup_border_size": 1,
        "frame_rounding": 0,
        "frame_border_size": 1,
        "scrollbar_rounding": 0,
        "grab_rounding": 0,
        "tab_rounding": 0,
        "tab_border_size": 1,
        "color_button_position": "left"
    }
}